Group 1,Group 2,H,p-value,q-value
CD_active (n=30),CD_remission (n=204),19.379023779724776,1.071778446313291e-05,1.6076676694699366e-05
CD_active (n=30),Control (n=21),23.446520146520157,1.284348319138125e-06,3.853044957414375e-06
CD_remission (n=204),Control (n=21),9.039389207010345,0.0026422390269363583,0.0026422390269363583
