Group 1,Group 2,H,p-value,q-value
female (n=102),male (n=153),17.099781334102317,3.5466388112102795e-05,3.5466388112102795e-05
