Group 1,Group 2,H,p-value,q-value
Crohn's disease (n=234),none (n=21),11.68964629120876,0.0006284884541224584,0.0006284884541224584
