Group 1,Group 2,H,p-value,q-value
female (n=102),male (n=153),3.211373029604033,0.07312809315130567,0.07312809315130567
