Group 1,Group 2,H,p-value,q-value
CD_active (n=30),CD_remission (n=204),9.11159783062169,0.0025399391115939946,0.007619817334781984
CD_active (n=30),Control (n=21),6.382417582417588,0.011525633091669343,0.017288449637504016
CD_remission (n=204),Control (n=21),0.5782702461515328,0.4469911290168018,0.4469911290168018
