Group 1,Group 2,H,p-value,q-value
Crohn's disease (n=234),none (n=21),1.1552197802197952,0.2824591265979053,0.2824591265979053
